Accounts,Category Name,Total Views,Unique viewers,Comments,Total Likes,Business Account,Professional Account
ambkcrypto,Personal Goods & General Merchandise Stores,196,106,4,4,yes,yes
amandasvp,Business & Utility Services,720,448,9,1264,yes,yes
aluraonline,Professional Services,99107,445,6,35,yes,yes
altsense_,Business & Utility Services,20780,376,11,24,yes,yes
altalabshq,Business & Utility Services,166,37,6,339,yes,yes
arun_career_mentor,Professional Services,331,147,8,405,yes,yes
artificiumtech,Business & Utility Services,695,23,2,4366,yes,yes
arthlight,Personal Goods & General Merchandise Stores,2466,68,5,141,yes,yes
arshadworldwide,Creators & Celebrities,721,383,1,438,yes,yes
arpitcodes,Creators & Celebrities,657,96,7,410,yes,yes
arkinfosoft,Business & Utility Services,193,228,9,128,yes,yes
archisacademy,Professional Services,2418,508,24,29,yes,yes
aptech._,Publishers,287,148,5,104,yes,yes
apptec.latam,Personal Goods & General Merchandise Stores,247,94,2,242,yes,yes
appsoluts,Business & Utility Services,439,66,6,217,yes,yes
appsmaven,Personal Goods & General Merchandise Stores,1015,833,4,2221,yes,yes
anuj.kumar.sharma,Professional Services,19490,32,3,14,yes,yes
ayush07x,null,460,97,8,93,no,yes
ayman.bell,null,190,8,0,655,no,no
awescode,Business & Utility Services,250,414,1,57,yes,yes
avilagoworld,Personal Goods & General Merchandise Stores,2201,384,8,5052,yes,yes
automationminds,Business & Utility Services,169,169,4,875,yes,yes
authority.digital,Business & Utility Services,369,84,5,1187,yes,yes
attar.nasrin91,Professional Services,3956,70,38,600,yes,yes
atherosai,null,2141,70,7,323,no,yes
astaqcconsulting,null,743,225,6,89,no,yes
bigdataprincess,null,697,215,10,229,yes,yes
beyondthesketchltd,Personal Goods & General Merchandise Stores,140,170,6,375,yes,yes
beyondhelloworld,Creators & Celebrities,2482,88,2,1267,yes,yes
berta.codes,Creators & Celebrities,38455,324,12,172,yes,yes
beginnerbugs,Personal Goods & General Merchandise Stores,386,64,3,1284,yes,yes
baystastic,Business & Utility Services,381,131,1,1073,yes,yes
battlesnakeofficial,Business & Utility Services,200,246,0,182,yes,yes
baspixels,General Interest,1339,293,3,2031,yes,yes
bart.code,Business & Utility Services,3684,76,5,7,yes,yes
blondiebytes,Professional Services,8368,500,2,419,yes,yes
blogkafem,Creators & Celebrities,115,37,2,16,yes,yes
blexinsrl,Business & Utility Services,158,320,0,247,yes,yes
black_coders,Publishers,14142,499,0,247,yes,yes
bitsof_jarvis,Creators & Celebrities,154,205,1,282,yes,yes
bitmagicgroup,Business & Utility Services,345,16,0,915,yes,yes
bitexpertuae,Professional Services,1437,494,7,40,yes,yes
bingebots,Creators & Celebrities,869,44,12,296,yes,yes
binary.breaker,Business & Utility Services,7837,379,5,401,yes,yes
cads_tedu,null,240,119,2,45,yes,yes
bullesoft,Business & Utility Services,520,23,5,605,yes,yes
budding_coders,Professional Services,1201,32,3,72,yes,yes
challengers.sahyadri,Personal Goods & General Merchandise Stores,538,107,5,76,yes,yes
cforcoding,Publishers,3429,483,3,43,yes,yes
cecropiacolombia,Business & Utility Services,175,149,0,108,yes,yes
cecropiasolutions,Personal Goods & General Merchandise Stores,123,138,0,63,yes,yes
copysolo_,null,200,31,5,129,yes,yes
convergence.ai,Non-Profits & Religious Organizations,132,113,7,36,yes,yes
control_shifter,Creators & Celebrities,1588,152,4,250,yes,yes
conceptlz.ae,Business & Utility Services,266,170,2,93,yes,yes
computermems,General Interest,3270,101,0,7,yes,yes
compiler_geek,null,1251,161,14,195,no,yes
cogni.wonk,Professional Services,542,47,1,65,yes,yes
_codoholic,Creators & Celebrities,235,29,0,1046,yes,yes
coding.vibes,Non-Profits & Religious Organizations,15715,345,21,1902,yes,yes
coding_panda,null,967,51,5,35,yes,yes
codingmermaid,Business & Utility Services,2582,129,13,988,yes,yes
coding._memes,Creators & Celebrities,258,170,0,289,yes,yes
codingget,Personal Goods & General Merchandise Stores,311,328,0,1657,yes,yes
codingerror,Creators & Celebrities,1436,95,0,31,yes,yes
codingcomplete,Personal Goods & General Merchandise Stores,131,8,0,254,yes,yes
codingcommanders,Professional Services,2109,487,0,304,yes,yes
coding_boy_,null,117254,854,13,45,no,yes
coding_bees,Business & Utility Services,1079,111,0,583,yes,yes
codiens_,Professional Services,1383,240,10,2083,yes,yes
codexcodepro,Business & Utility Services,143,63,4,510,yes,yes
codeweb.in,Business & Utility Services,1070,90,6,252,yes,yes
code_trojan,null,1364,197,12,35,no,no
codesthaan,Publishers,5251,120,11,440,yes,yes
code.sloth,Business & Utility Services,4717,116,8,46,yes,yes
codesimplify,Non-Profits & Religious Organizations,121,18,0,47,yes,yes
coders.corner,Creators & Celebrities,133,17,0,4502,yes,yes
coder_hub,Publishers,1061,87,0,2810,yes,yes
coderasha,null,970,117,0,66,yes,yes
codepower.io,Business & Utility Services,39050,653,15,367,yes,yes
codepeople,Business & Utility Services,79533,1806,11,13,yes,yes
code.path,Personal Goods & General Merchandise Stores,739,20,0,206,yes,yes
codemonzy,Personal Goods & General Merchandise Stores,866,105,2,4,yes,yes
code.mania_ig,null,1821,857,2,196,no,yes
codelacey,Creators & Celebrities,5280,33,0,351,yes,yes
code.know,null,122631,265,7,47,no,yes
codejanu,Professional Services,572,25,6,485,yes,yes
code.fun,null,12641,355,3,425,no,yes
_codegears,null,863,75,8,471,no,yes
codefires,Publishers,2236,214,6,801,yes,yes
codedote,Business & Utility Services,488,328,5,18,yes,yes
codedabusa,Personal Goods & General Merchandise Stores,1518,184,0,6904,yes,yes
codeclique,Non-Profits & Religious Organizations,70659,1691,0,134,yes,yes
code_blogg,null,898,70,4,1110,no,yes
_codebes_,Creators & Celebrities,148,22,0,21,yes,yes
code.aryan,null,26656,306,3,449,no,yes
closetcoders,Personal Goods & General Merchandise Stores,911,76,0,907,yes,yes
cisca_dk,null,15734,2915,75,572,no,yes
hr.murmur,Creators & Celebrities,1156,33,2,37,yes,yes
danutacybulska,Creators & Celebrities,317,1347,0,165,yes,yes
danielappsco,Business & Utility Services,299,76,5,409,yes,yes
cyber_secur1ty,Personal Goods & General Merchandise Stores,652,77,0,978,yes,yes
cyberpunk_rs,Business & Utility Services,5841,241,3,2,yes,yes
cyberhack_lpu,Non-Profits & Religious Organizations,607,53,1,22,yes,yes
cyber_feminist,Publishers,14651,705,28,7288,yes,yes
cyber.club.tees,Personal Goods & General Merchandise Stores,261,314,0,201,yes,yes
cuemby,Personal Goods & General Merchandise Stores,389,346,5,883,yes,yes
csiworldin,Personal Goods & General Merchandise Stores,127,16,1,38,yes,yes
diceanalytics,Business & Utility Services,1207,636,2,2,yes,yes
diacostudios,Personal Goods & General Merchandise Stores,1979,44,7,1472,yes,yes
devspacemx,Non-Profits & Religious Organizations,299,32,4,72,yes,yes
dev_programando,Creators & Celebrities,730,55,3,403,yes,yes
devopsing,Business & Utility Services,795,3,7,89,yes,yes
devops_bootcamp,null,2592,284,6,7325,yes,yes
devlutful,Business & Utility Services,609,21,12,264,yes,yes
devjdelasen,Personal Goods & General Merchandise Stores,24310,463,7,249,yes,yes
developers.india,Creators & Celebrities,31247,205,9,299,yes,yes
developers_community_._,Business & Utility Services,41201,225,3,119,yes,yes
developerpaper,Non-Profits & Religious Organizations,170,29,4,64,yes,yes
developer_ops,null,30217,654,4,1466,no,yes
developer_bhaiyaji,Personal Goods & General Merchandise Stores,463,90,2,770,yes,yes
dev_diario,Business & Utility Services,1167,87,2,719,yes,yes
_devcommunity,Non-Profits & Religious Organizations,54654,4279,9,892,yes,yes
derivco,Business & Utility Services,2383,308,6,229,yes,yes
data_science_dojo,Business & Utility Services,2159,123,9,95,yes,yes
darkforcearmy,Non-Profits & Religious Organizations,2094,198,6,93,yes,yes
dark_codec,Professional Services,457,124,7,507,yes,yes
darkarmy__,null,50602,532,11,42,no,yes
droitthemes,Personal Goods & General Merchandise Stores,2223,1288,26,37,yes,yes
drie.co,Personal Goods & General Merchandise Stores,195,118,0,170,yes,yes
dreyand72,Personal Goods & General Merchandise Stores,2690,13,3,457,yes,yes
drahna.soft,Business & Utility Services,15107,39,4,521,yes,yes
dpthegrey,Publishers,1031,172,12,113,yes,yes
dpj_indonesia,Personal Goods & General Merchandise Stores,1515,765,17,312,yes,yes
dot_nek,Business & Utility Services,2096,907,0,7361,yes,yes
doracakeswap,Personal Goods & General Merchandise Stores,1495,16,0,4,yes,yes
divstech,null,3011,297,12,31,no,yes
divesh.js,Business & Utility Services,544,24,2,206,yes,yes
diversatechconcepts,Business & Utility Services,104,89,0,465,yes,yes
diveintotech,null,508,227,10,165,no,yes
dinocodes.kg,Professional Services,1304,193,5,26,yes,yes
digitalyashwant,null,1083,111,6,136,yes,yes
digitalstopage,null,1092,55,2,1546,no,yes
digitalogycorp,Personal Goods & General Merchandise Stores,1285,767,3,289,yes,yes
digitalentrecruitment,Home Services,10766,2188,6,5,yes,yes
digimat.ir,Publishers,438,,,14,yes,yes
digilinkpro,Personal Goods & General Merchandise Stores,528,78,6,545,yes,yes
edyoda,Professional Services,6540,363,4,175,yes,yes
ed.tech,Publishers,1018,187,2,8,yes,yes
ecmascript_hub,Creators & Celebrities,1619,88,11,2567,yes,yes
echobind,Business & Utility Services,140,146,3,307,yes,yes
eamvey,Business & Utility Services,1347,27,0,14,yes,yes
duende_llp,Personal Goods & General Merchandise Stores,505,187,5,143,yes,yes
evolvemlearners,Professional Services,1601,340,5,183,yes,yes
evol_technobits_digital,Business & Utility Services,184,258,0,215,yes,yes
etherinfotech,Business & Utility Services,177,209,0,131,yes,yes
essekhyry.elmahdi,Creators & Celebrities,110,6,2,21,yes,yes
eskillsweb,Business & Utility Services,451,169,5,29,yes,yes
ervandracom,Creators & Celebrities,317,51,6,622,yes,yes
erudite_geeks,Creators & Celebrities,526,63,1,11,yes,yes
encrypted_guy,Creators & Celebrities,457,31,0,119,yes,yes
firmanfathoni_,null,6784,16,2,3125,no,yes
fetux.id,Personal Goods & General Merchandise Stores,20167,664,4,23,yes,yes
fellow.app,Personal Goods & General Merchandise Stores,881,157,5,229,yes,yes
favtutor,Professional Services,11461,194,0,28,yes,yes
gabriellasibarani,General Interest,423,15,6,409,yes,yes
fundacjacodeme,Personal Goods & General Merchandise Stores,708,178,10,327,yes,yes
funcode8,Professional Services,12463,127,5,126,yes,yes
fulltureschool,Professional Services,10854,408,4,73,yes,yes
freundederinteraktion,Business & Utility Services,196,38,0,171,yes,yes
free.onlinecourses,Professional Services,1473,78,0,4487,yes,yes
fredy_kardian,Personal Goods & General Merchandise Stores,522,85,1,624,yes,yes
frederikdiekmann,null,1765,172,3,232,no,yes
frankaemika,Personal Goods & General Merchandise Stores,925,72,2,90,yes,yes
forkflow,Personal Goods & General Merchandise Stores,445,39,2,1422,yes,yes
forgetsemicolon,Non-Profits & Religious Organizations,2685,373,0,5923,yes,yes
flutter_deep_dev,Home Services,4242,104,3,647,yes,yes
flopcoders,Non-Profits & Religious Organizations,197,52,6,58,yes,yes
gopaisacom,null,161,32,7,19,no,yes
goodmodule,Publishers,4035,184,0,4,yes,yes
gitpay.me,Personal Goods & General Merchandise Stores,168,23,1,1018,yes,yes
girlscriptchennai,Non-Profits & Religious Organizations,146,12,0,87,yes,yes
get_upleveled,Professional Services,286,243,5,173,yes,yes
getplecto,Personal Goods & General Merchandise Stores,185,25,0,55,yes,yes
getintocourse,Publishers,342,55,0,1931,yes,yes
genixcyber,Business & Utility Services,9350,76,5,137,yes,yes
gekocloud,Personal Goods & General Merchandise Stores,644,92,7,554,yes,yes
geekysplace,Creators & Celebrities,1614,74,1,754,yes,yes
geekster.in,Professional Services,1197,77,4,14,yes,yes
geekprints2020,Personal Goods & General Merchandise Stores,592,249,5,579,yes,yes
geargunny,Home Goods Stores,4246,289,3,4996,yes,yes
gamutgurustechnologies,Business & Utility Services,128,70,0,86,yes,yes
haufegroup.careers,Business & Utility Services,1629,409,7,172,yes,yes
hashnode,Non-Profits & Religious Organizations,6086,705,0,1877,yes,yes
happybytes_,Creators & Celebrities,936,20,3,200,yes,yes
hamburgcodingschool,Professional Services,415,169,4,280,yes,yes
_hackweiser_,null,12196,164,10,1,no,yes
hack.of.shadow,Creators & Celebrities,144,152,1,22,yes,yes
hackademymx,Personal Goods & General Merchandise Stores,1208,163,9,56,yes,yes
hackages,Business & Utility Services,486,251,9,264,yes,yes
gyanibhukkadcs,Business & Utility Services,748,417,0,15,yes,yes
guide2settle,Professional Services,613,76,6,13,yes,yes
greywhalellc,Business & Utility Services,134,98,1,269,yes,yes
hsrwebcreation,Creators & Celebrities,202,18,5,129,yes,yes
hop_training_institute,Business & Utility Services,176,342,21,107,yes,yes
hicoderofficial,Business & Utility Services,615,32,3,1067,yes,yes
heman449,Creators & Celebrities,324,626,2,1964,yes,yes
helpthehack__,Business & Utility Services,831,24,1,0,yes,yes
haztech.in,Business & Utility Services,107,46,4,18,yes,yes
mehrzero,null,139,18,4,234,no,no
mateuslinux_,Creators & Celebrities,9959,673,3,472,yes,yes
mastermndio,Business & Utility Services,660,144,1,711,yes,yes
ing.jose.berna,null,2256,1159,5,1223,no,yes
ingegneriaparametrica,Non-Profits & Religious Organizations,958,29,1,1135,yes,yes
infosquad_,Professional Services,221,86,0,391,yes,yes
information_shaq,Creators & Celebrities,1164,104,6,1402,yes,yes
inffobugs,Creators & Celebrities,1976,106,8,4971,yes,yes
inet.weaver,Business & Utility Services,515,228,10,1507,yes,yes
inetraining,Professional Services,5159,308,2,89,yes,yes
indiandevjourney,Creators & Celebrities,2227,496,10,306,yes,yes
indiancybersecuritysolution,Publishers,625,1272,2,421,yes,yes
_incegna,General Interest,460,399,10,2062,yes,yes
ig.fitbabes,Local Events,78790,18,0,1070,yes,yes
ifitech,Personal Goods & General Merchandise Stores,124,174,1,10,yes,yes
ichi.dev,null,996,39,0,678,yes,yes
ibmdata,Personal Goods & General Merchandise Stores,7938,70,2,48,yes,yes
janganacode,Business & Utility Services,2090,159,1,6,yes,yes
jakartalabs,Professional Services,3622,328,9,5573,yes,yes
itlcenter,Professional Services,5131,151,9,243,yes,yes
itechbadger,Personal Goods & General Merchandise Stores,974,35,0,799,yes,yes
irsc.nitp,Non-Profits & Religious Organizations,205,51,8,271,yes,yes
institutoluxor,Professional Services,350,144,12,858,yes,yes
inspire_excellence_,Professional Services,116,20,0,50,yes,yes
inspire_coding,Business & Utility Services,30816,391,10,105,yes,yes
insanecodes,Business & Utility Services,34666,168,3,239,yes,yes
innovationhtb,Non-Profits & Religious Organizations,1259,434,5,594,yes,yes
innoskrit,Professional Services,792,39,4,4,yes,yes
joselaica,null,929,282,13,2894,no,yes
jodavidferreira,Creators & Celebrities,1143,196,4,1894,yes,yes
jobifan,Professional Services,1129,117,7,317,yes,yes
j.melaria,Creators & Celebrities,140,8,2,432,yes,yes
jetorbit,Personal Goods & General Merchandise Stores,1011,337,5,217,yes,yes
jayesh.2112,null,313,37,0,42,no,yes
javascript.tips,Business & Utility Services,44684,70,3,141,yes,yes
javascriptmastery,Publishers,161075,857,8,50,yes,yes
karim_rahali,Creators & Celebrities,580,24,3,1069,yes,yes
_jxdesigns_,Business & Utility Services,103,6,0,44,yes,yes
jovian.ml,Professional Services,629,21,4,4,yes,yes
kosiner.codes,null,11245,213,6,833,no,yes
kopidev,Publishers,1832,251,0,3786,yes,yes
konsepkoding,Publishers,995,214,8,357,yes,yes
komhedos,Publishers,367,18,1,36,yes,yes
kod.manyagi,null,651,226,2,425,no,yes
kodingyuk,Publishers,1178,25,0,112,yes,yes
knacksack_official,Professional Services,507,42,1,22,yes,yes
kiyozu_webdesign,Business & Utility Services,348,33,6,163,yes,yes
keyloggerartwear,Personal Goods & General Merchandise Stores,140,208,3,533,yes,yes
kev_the_webdev,null,15406,219,4,154,no,yes
keen_io,Business & Utility Services,548,132,1,473,yes,yes
larax_ca,Personal Goods & General Merchandise Stores,1838,81,6,774,yes,yes
lane4solution,Business & Utility Services,221,114,6,261,yes,yes
lamiss_devlife,Creators & Celebrities,787,27,4,560,yes,yes
lakebrainstechnologies,Business & Utility Services,132,65,1,80,yes,yes
labichenumerique,Personal Goods & General Merchandise Stores,154,71,9,391,yes,yes
kuldeep251019,Creators & Celebrities,1198,170,8,1099,yes,yes
liquidmelbourne,Creators & Celebrities,393,250,4,640,yes,yes
linuxnaweb,Non-Profits & Religious Organizations,6626,184,5,497,yes,yes
linuxtechtips,General Interest,100337,3213,2,130,yes,yes
lifeworthliving7,Non-Profits & Religious Organizations,168,162,9,143,yes,yes
lidiacodes,Creators & Celebrities,978,115,2,367,yes,yes
lian_gpco,Business & Utility Services,4662,271,9,45,yes,yes
lewagonkorea,Personal Goods & General Merchandise Stores,518,117,6,167,yes,yes
letshelloworld,null,155,24,1,365,no,yes
letscloud_official,Business & Utility Services,3947,141,0,6055,yes,yes
lets__code,Business & Utility Services,1401,137,13,845,yes,yes
lebaston100,Creators & Celebrities,231,80,4,219,yes,yes
learntocode.live,Professional Services,699,58,5,362,yes,yes
lulububu.software,Business & Utility Services,5800,165,0,813,yes,yes
luisefreese,Creators & Celebrities,585,1904,23,312,yes,yes
lovecoders,Non-Profits & Religious Organizations,128869,442,10,9,yes,yes
lost.programmer,Business & Utility Services,146,104,0,264,yes,yes
lores.in,Personal Goods & General Merchandise Stores,470,53,4,449,yes,yes
lorenzosmusic,Creators & Celebrities,175,80,0,115,yes,yes
logicalswing,Personal Goods & General Merchandise Stores,584,78,2,523,yes,yes
marialarcon16,Creators & Celebrities,1201,17,2,711,yes,yes
marcle.dev,Creators & Celebrities,1322,295,7,47,yes,yes
mapecodeweb,Business & Utility Services,1480,325,5,55,yes,yes
malin_root,null,38659,7082,25,1851,no,yes
majorbugs,null,134,28,0,91,yes,yes
mehrdadshirvan,Publishers,10382,102,14,5870,yes,yes
megacoders,Publishers,2417,139,5,116,yes,yes
meet_kanth,Creators & Celebrities,23922,937,5,1,yes,yes
mecanicosdelaweb,Personal Goods & General Merchandise Stores,554,34,13,113,yes,yes
mdsaifali111,null,597,20,4,213,no,no
passive_pocket,Publishers,998,69,0,1136,yes,yes
pandacode_ve,Creators & Celebrities,468,111,4,603,yes,yes
panayiotisgeorgiou,null,5566,495,27,2994,no,yes
outco.io,Business & Utility Services,903,240,1,1582,yes,yes
ossamamehmood,null,1877,,,195,,
